Prix,Nom
"46,99",Casual Chaussure Homme Sneakers Mode Running Fitness Tennis Taille 41-46
"48,00",Homme Courtright Basket
"42,00",Smash V2 L Baskets Mixte
"46,99",Casual Chaussure Homme Sneakers Mode Running Fitness Tennis Taille 41-46
"48,95",Baskets Homme Semelle Cuvette Essential Leather Chaussures
"42,70",Smash V2 L Baskets Mixte
"29,99",Baskets et Chaussures de Sport Homme Tennis Respirant Légères et Confortables de la Mode de Marche Fitness Running Tennis Outdoor Gym Jogging Sneakers Hommes
"47,95",Mixte Smash V2 Baskets
"45,04",Chaussures de Sécurité Homme Légère Basket de Securite Coussin d'air Embout Acier Protection Baskets Chantiers et Industrie Anti-Perforation 39~49EU
"45,06",Homme Billy 2.0 Basket
"48,00",Homme Courtright Basket
"41,95","Mixte St Runner V2 NL Sneaker Basse, 37 EU"
"48,95",Baskets Homme Semelle Cuvette Essential Leather Chaussures
"59,90","Tazon 6 FM, Baskets Homme"
"17,49","Multifunktionsschuh Maine, Chaussures de Randonnée Basses Homme"
"29,99",Baskets et Chaussures de Sport Homme Tennis Respirant Légères et Confortables de la Mode de Marche Fitness Running Tennis Outdoor Gym Jogging Sneakers Hommes
"45,04",Chaussures de Sécurité Homme Légère Basket de Securite Coussin d'air Embout Acier Protection Baskets Chantiers et Industrie Anti-Perforation 39~49EU
"35,99",Baskets et Chaussures de Sport Homme Respirant Légères Sneakers Confortables Mode Casual Marche Course Fitness Running Tennis Outdoor Gym Jogging Chaussure
"49,99",Homme Ville Chaussure Business Chaussures à Lacets Comfort Respirant Affaires Léger Dressing Oxford pour Hommes Costume Mariage
"47,99",TARELO Baskets Ville Homme Léger Chaussure Taille 41-46
"48,04",Strutter Chaussure de piste d'athlétisme Homme
"69,00","Batcombe Hall, Derbys Homme"
"44,99",Homme Vs Pace 2.0 3-Stripes Synthetic Nubuck Sneaker
"39,09",Homme Advantage Shoes Basket
"33,74",Baskets Homme Chaussure de Course Femme Basket Chaussures de Sport Fitness Sneakers Casual Chaussures d'Athlétisme Confortable Légères Noir EU36-47
"49,98",Homme Jfwcurtis Casual Canvas Noos Basket
"77,84",Homme Atwood Chaussures de Gymnastique
"53,99",Homme Air Max SC Sneaker
"43,21","Gel Mission 3 Q801Y9097, Basket"
"62,90","Striker-Für Herren, Basket Homme"
"32,95",Homme Ward Basket
"43,99",Mixte Incinerate Chaussure de Course
"29,99",Baskets et Chaussures de Sport Homme Tennis Respirant Légères et Confortables de la Mode de Marche Fitness Running Tennis Outdoor Gym Jogging Sneakers Hommes
"47,99",TARELO Baskets Ville Homme Léger Chaussure Taille 41-46
"49,99",Homme Ville Chaussure Business Chaussures à Lacets Comfort Respirant Affaires Léger Dressing Oxford pour Hommes Costume Mariage
"81,80",Entièrement Imperméables Chaussure de Sport Homme Étanche Basket Homme Mode Outdoor Chaussure Running Loisirs Fitness Sneakers
"45,47",Homme Stan Smith Baskets
"29,99",Baskets et Chaussures de Sport Homme Tennis Respirant Légères et Confortables de la Mode de Marche Fitness Running Tennis Outdoor Gym Jogging Sneakers Hommes
"70,95",Garçon Advantage K Sneaker
"35,99",Baskets et Chaussures de Sport Homme Respirant Légères Sneakers Confortables Mode Casual Marche Course Fitness Running Tennis Outdoor Gym Jogging Chaussure
"29,95",Basket Homme Chaussure Sport Running Basquettes De Fitness Course Sneakers Casual Gym Multisports Basses Trail Running Shoes
"69,95",Mixte Cotu Classic Sneaker Basse
"76,95",Baskets Homme Corporate Knit Rib Runner
"64,95",Baskets Homme Essential Leather Detail Vulc
"49,99",Homme Ville Chaussure Business Chaussures à Lacets Comfort Respirant Affaires Léger Dressing Oxford pour Hommes Costume Mariage
"70,36",Homme Ward Basket
"71,00",Homme Uomo Symbol A Baskets
"69,98","Gel Quantum Lyte II 1201A630005, Basket"
"35,99",Baskets et Chaussures de Sport Homme Respirant Légères Sneakers Confortables Mode Casual Marche Course Fitness Running Tennis Outdoor Gym Jogging Chaussure
"69,56",Tommy Hilfiger Men's Th Hi Vulc Core Low Canvas Vulcanized Sneaker
"50,90",Homme Doheny Decon Suede Basket
"39,00",Baskets Homme Vulcanisées TH Hi Vulc Core Low Stripes Chaussures
"55,99",Chaussures de Sécurité Hommes S1 SRC Embout Acier Protection Antidérapante Léger Respirante Basket de Travail Taille 36-49EU
"63,00",Homme Softride Premier Slip-on Chaussure de Course sur Route
"59,95",Baskets Chaymon Homme
"38,95",Mixte Equate SL Chaussure de Course sur Route
"79,95",Basket Scratch Femme Homme Chaussure Confortable
"43,99",Mixte Incinerate Chaussure de Course
"48,14",Homme Femme Air Running Baskets Chaussures Course sur Route Baskets Outdoor Running Gym Fitness Multicolore Respirante Sneakers 34-46EU
"35,02","Icra Trainer SD, Sneakers Mixte"
"49,99",Homme Ville Chaussure Business Chaussures à Lacets Comfort Respirant Affaires Léger Dressing Oxford pour Hommes Costume Mariage
"34,99",Homme Ville Chaussure Business Chaussures à Lacets Comfort Respirant Affaires Léger Dressing Oxford pour Hommes Costume Mariage
"46,99",Casual Chaussure Homme Sneakers Mode Running Fitness Tennis Taille 41-46
"64,95",Baskets Homme Essential Leather Detail Vulc
"48,95",Baskets Homme Semelle Cuvette Essential Leather Chaussures
"72,65",Chaussures de Sécurité Hommes Femmes Légère Basket Securite Confortable Antidérapante Chaussures de Travail Respirantes
"46,99",Casual Chaussure Homme Sneakers Mode Running Fitness Tennis Taille 41-46
"90,96",Chaussures de Sécurité Homme Légère Baskets de Sécurité Embout Acier Protection Confortable Respirante Chaussures de Travail Femme
"69,72",Baskets Chaymon Homme
"64,00",Homme Uno Stand on Air Baskets
"67,00",Homme UA Charged Assert 10 Chaussures de Course
"50,95",Stan Smith Baskets Noires Homme
"29,99",Baskets et Chaussures de Sport Homme Tennis Respirant Légères et Confortables de la Mode de Marche Fitness Running Tennis Outdoor Gym Jogging Sneakers Hommes
"41,99",Unisexes Adultes Classic Sabots
"67,99","Trail Scout 3 1011B700002, Chaussures Running"
"47,99",TARELO Baskets Ville Homme Léger Chaussure Taille 41-46
"52,99","Davissquaref/Loxsnkrbasic, Basket Homme"
"45,99",TARELO Baskets Ville Homme Basse Chaussure Taille 41-46
"39,99",Chaussures de Course pour Homme Chaussures de Tennis de Marche athlétiques Baskets Tendance
"98,10",Baskets Homme Chaussure Sneakers Casual Espadrilles Athlétique Courtes Fitness Tennis Chaussures 41-46
"40,56",Chaussures de Trail pour Unisexe EU37-47
"40,99","Air Max 90 Leather, Baskets mode homme"
"52,00",Chaussure de Securité Homme Femme Legere Baskets Securite Chaussure de Travail Vec Embout de Protection en Acier Chaussure de Chantier
"59,98",Chaussures de sécurité Homme Femme Basket de Securite Baskets Chantiers Embout Acier Respirant Chaussures de Travail Légère Anti-Perforation
"45,00",Homme Hoops 3.0 Sneaker
"51,97",Homme Viz Runner Tennis
"34,19","ZX 750, Sneakers basses homme"
"111,95","Defy All Day, Baskets Homme"
"79,40",Baskets à Enfiler pour Homme - Chaussures de Course - Chaussures de Tennis - Confortables et Respirantes - Légères - pour Fitness
"74,00","X Ultra Pioneer Mid Gore-tex, Chaussures de randonnée Homme"
"46,90",Homme Colorado Bottes
"29,99",Baskets et Chaussures de Sport Homme Tennis Respirant Légères et Confortables de la Mode de Marche Fitness Running Tennis Outdoor Gym Jogging Sneakers Hommes
"35,99",Baskets et Chaussures de Sport Homme Respirant Légères Sneakers Confortables Mode Casual Marche Course Fitness Running Tennis Outdoor Gym Jogging Chaussure
"43,99",Mixte Incinerate Chaussure de Course
"74,95",Baskets et Chaussures de Sport Homme Respirant Légères Sneakers Confortables Mode Casual Marche Course Fitness Running Tennis Outdoor Gym Jogging Chaussure
"40,37",Derby Oxford Homme Lacets Derby Dressing Chaussure Ville Costume Entreprise Officiel Urban Habillées
"48,97",Homme Uomo Symbol B Chaussures
"25,76",Chaussure de Securite Femme Homme légère Embout Acier Baskets de Sécurité Coussin d'air Chaussures de Travail Antidérapante
"43,54","Homme Charged Assert 9 Chaussure de Course,42.5, Noir"
"48,95",Baskets Homme Semelle Cuvette Essential Leather Chaussures
"54,32","Homme Vs Pace Chaussures de Fitness, 41 EU"
"39,99",Chaussures de Course pour Homme Chaussures de Tennis de Marche athlétiques Baskets Tendance
"47,95",Mixte Smash V2 Baskets
"74,99","Shuffle, Basket Mixte adulte"
"16,00",Mixte Rbd Game Basket
"49,95",Homme Uomo Snake K Sneakers
"139,99","Aqua Adilette, Sandales à enfiler"
"45,00",Homme Hoops 3.0 Sneaker
"29,99",Baskets et Chaussures de Sport Homme Tennis Respirant Légères et Confortables de la Mode de Marche Fitness Running Tennis Outdoor Gym Jogging Sneakers Hommes
"69,95",Mixte Cotu Classic Sneaker Basse
"41,86",Chaussures de Sécurité Hommes Femmes Embout Acier Antidérapant Trekking Sneakers Chaussures de Travail Confort Legere Respirante Baskets de Sécurité
"67,24",Homme Uomo Symbol C Chaussures
"48,00",Homme Courtright Basket
"39,99",Chaussures de Course pour Homme Chaussures de Tennis de Marche athlétiques Baskets Tendance
"59,10",Mixte Pampa Monochrome Sneaker Boots
"60,00",Chaussures de Sécurité Hommes Femme Basket de Securite Chaussures de Travail Chaussure de Chantier Embout Acier Chaussure Sécurité Noir Gris EU36-48
"38,35",Kingpin
"59,99",Mixte St Runner V3 NL Basket
"36,67",Homme Future Match FG/AG Chaussure de Football
"40,99","Air Max 90 Leather, Baskets mode homme"
"49,99",Homme Ville Chaussure Business Chaussures à Lacets Comfort Respirant Affaires Léger Dressing Oxford pour Hommes Costume Mariage
"34,99",Homme Ville Chaussure Business Chaussures à Lacets Comfort Respirant Affaires Léger Dressing Oxford pour Hommes Costume Mariage
"39,99",Chaussures de Course pour Homme Chaussures de Tennis de Marche athlétiques Baskets Tendance
"45,99",TARELO Baskets Ville Homme Basse Chaussure Taille 41-46
"67,24",Homme Uomo Symbol C Chaussures
"48,00",Homme Courtright Basket
"38,35",Kingpin
"66,99",Mixte St Runner V3 NL Basket
"35,99",Baskets et Chaussures de Sport Homme Respirant Légères Sneakers Confortables Mode Casual Marche Course Fitness Running Tennis Outdoor Gym Jogging Chaussure
"69,95",Mixte Cotu Classic Sneaker Basse
"53,00",Baskets Homme Iconic Leather Suede Mix Runner
"48,99","Patriot 13, Running Shoe Homme"
"34,98",Chaussures de Sécurité Hommes Amorti Confort Chaussures de Travail Embout Acier Mode Baskets de Sécurité Respirante Légere
"47,99",TARELO Baskets Ville Homme Léger Chaussure Taille 41-46
"35,99",Baskets et Chaussures de Sport Homme Respirant Légères Sneakers Confortables Mode Casual Marche Course Fitness Running Tennis Outdoor Gym Jogging Chaussure
"59,10",Mixte Pampa Monochrome Sneaker Boots
"60,00",Chaussures de Sécurité Hommes Femme Basket de Securite Chaussures de Travail Chaussure de Chantier Embout Acier Chaussure Sécurité Noir Gris EU36-48
"83,95",Couch - Chaussures pour Hommes - Diverses Couleurs - Slip on Légères en Coton pour Hommes - Mocassins pour Hommes - Chaussures Casual - Chaussure d'été pour Hommes
"64,95",Baskets Homme Essential Leather Detail Vulc
"49,99",Homme Ville Chaussure Business Chaussures à Lacets Comfort Respirant Affaires Léger Dressing Oxford pour Hommes Costume Mariage
"29,99",Baskets et Chaussures de Sport Homme Tennis Respirant Légères et Confortables de la Mode de Marche Fitness Running Tennis Outdoor Gym Jogging Sneakers Hommes
"36,67",Homme Future Match FG/AG Chaussure de Football
"70,00","Tactical Boot M.ykk Zipper, Bottes ranger Homme"
"65,95","Speedcross 5 Chaussures de Trail Running pour Homme, Accroche, Stabilité"
"100,00",Chaussures de Sport Homme Chaussure de Course Femme Basket Running Basse Légères Grille Respirant Lacets Athletisme Jogging Noir Bleu Or Vert Gris Rose Rouge Blanc EU36-EU47
"29,99",Baskets et Chaussures de Sport Homme Tennis Respirant Légères et Confortables de la Mode de Marche Fitness Running Tennis Outdoor Gym Jogging Sneakers Hommes
"69,95",Mixte Cotu Classic Sneaker Basse
"72,16",Imperméables Baskets de Chaussures Homme Chaussure Cuisine Antidérapantes Légères et Confortables Running Outdoor Casual Fitness
"48,90",Homme U New Damon B Mocassins
"75,50",Chaussures de Sécurité Hommes Double Coussin d'air Légère Basket de Sécurité Antidérapant Embout Acier Respirant Chaussures Travail Secruite Comfort et Construction Industrie
"57,99",Homme Metcon 8 Men's Training Shoes
"109,99",Chaussure Sport Homme Respirable Léger Running Baskets Chaussures de Marche Course Loisirs Walking Fitness Sneakers
"34,99",Homme Ville Chaussure Business Chaussures à Lacets Comfort Respirant Affaires Léger Dressing Oxford pour Hommes Costume Mariage
"49,99",Homme Ville Chaussure Business Chaussures à Lacets Comfort Respirant Affaires Léger Dressing Oxford pour Hommes Costume Mariage
"43,99",Mixte Incinerate Chaussure de Course
"35,99",Baskets et Chaussures de Sport Homme Respirant Légères Sneakers Confortables Mode Casual Marche Course Fitness Running Tennis Outdoor Gym Jogging Chaussure
"40,99","Air Max 90 Leather, Baskets mode homme"
"29,99",Baskets et Chaussures de Sport Homme Tennis Respirant Légères et Confortables de la Mode de Marche Fitness Running Tennis Outdoor Gym Jogging Sneakers Hommes
"35,52",Chaussures de Sécurité Hommes Femmes Legere Confortable Antidérapant Basket securite
"41,60","Chaussure de Securité Unisexes, SRC Antidérapantes Basket Securité Chaussures de Travail Chaussures de Protection Embout en Acier"
"56,99",Chaussures de Sécurité Hommes Embout Acier Antidérapant Mode Chaussures de Travail Confort Amorti Legere Respirante Baskets de Sécurité
"35,99",Baskets et Chaussures de Sport Homme Respirant Légères Sneakers Confortables Mode Casual Marche Course Fitness Running Tennis Outdoor Gym Jogging Chaussure
"39,99",Chaussures de Course pour Homme Chaussures de Tennis de Marche athlétiques Baskets Tendance
"56,90","Plutno 2 Mtd Lt, Chaussure de randonnée Homme"
"44,36",Homme Un Abode Ease Derbys
"62,00",Mixte Transport Modern Chaussure de Course
"38,49","Speedcross 5 Gore-Tex Chaussures de Trail Running pour Homme, Protection anti-intempéries, Accroche agressive, Fit précis"
"128,00","Reef Shoes-Chaussures Adaptées à la Mer et Aux Sports Nautiques, Adultes et Enfants Unisexe"
"8,99",Safety Jogger X0500 Chaussure Basse - Taille 42 - SAFETY JOGGER - X2020P Mixte
"36,99",Chaussures de Sécurité Hommes Légere Embout Acier Confort Chaussures de Travail Mode Respirante Basket de Securite 39.5EU-47EU
"42,00",Smash V2 L Baskets Mixte
"49,99",Homme Ville Chaussure Business Chaussures à Lacets Comfort Respirant Affaires Léger Dressing Oxford pour Hommes Costume Mariage
"86,69",Homme Jfwalbany Leather Anthracite STS Chukka Boots
"59,99",Mixte St Runner V3 NL Basket
"65,30",Homme U Iacopo A Chaussures
"44,90",Homme Predator Accuracy.4 Sala Chaussures De Foot en Salle (in)
"67,95",Homme Victori One Sneaker
"59,95",Baskets Chaymon Homme
"43,35","Trailstorm Waterproof, Chaussure de Marche Homme"
"20,29",Chaussures Trail Homme Imperméables Femme Chaussure de Randonnee Baskets Tennis Multisports Outdoor Fitness Chaussures de Marche Homme Antidérapantes Sneakers 37-47 EU
"75,00",Homme Turner 2.0 Sneakers
